"symbol","model","eval_set","rmse","rsq","last_refreshed"
"1INCH","lm","holdout",0.924704563627845,0.782069084177452,"2022-07-13 13:34:53"
"1INCH","lm","test",1.48010414780952,0.422613453021591,"2022-07-13 13:34:53"
"1INCH","nnet","holdout",2.21200745891536,0.350338181748613,"2022-07-13 13:34:53"
"1INCH","nnet","test",3.09264582301054,0.0875476039087832,"2022-07-13 13:34:53"
"1INCH","pcr","holdout",1.16794378911597,0.663112481340332,"2022-07-13 13:34:53"
"1INCH","pcr","test",1.73656251204073,0.228081210915112,"2022-07-13 13:34:53"
"1INCH","rf","holdout",1.24628745309645,0.41132001728937,"2022-07-13 13:34:53"
"1INCH","rf","test",2.83453697155976,0.0879058173375615,"2022-07-13 13:34:53"
"1INCH","xgb","holdout",1.38083946206175,0.207666232816198,"2022-07-13 13:34:53"
"1INCH","xgb","test",2.12528784038365,0.075011635885668,"2022-07-13 13:34:53"
"ADA","lm","holdout",0.757684819221138,0.687367853552018,"2022-07-13 13:34:53"
"ADA","lm","test",1.98403848915588,0.421688764537845,"2022-07-13 13:34:53"
"ADA","nnet","holdout",1.34172197159981,0.330994535991265,"2022-07-13 13:34:53"
"ADA","nnet","test",2.54629983835699,0.132739867844664,"2022-07-13 13:34:53"
"ADA","pcr","holdout",0.744390201898509,0.728915630589156,"2022-07-13 13:34:53"
"ADA","pcr","test",1.44162259721001,0.229024083201448,"2022-07-13 13:34:53"
"ADA","rf","holdout",0.990568469246146,0.256053198053898,"2022-07-13 13:34:53"
"ADA","rf","test",2.5732210061623,0.0783967816306335,"2022-07-13 13:34:53"
"ADA","xgb","holdout",1.13517350331265,0.121880378181729,"2022-07-13 13:34:53"
"ADA","xgb","test",3.31160977571943,0.0309887428907157,"2022-07-13 13:34:53"
"ALCX","lm","holdout",0.625897923864392,0.867532493681293,"2022-07-13 13:34:53"
"ALCX","lm","test",3.87239964919623,0.310895000405222,"2022-07-13 13:34:53"
"ALCX","nnet","holdout",3.06686929652115,0.34142772513005,"2022-07-13 13:34:53"
"ALCX","nnet","test",5.17792926295304,0.146250427076341,"2022-07-13 13:34:53"
"ALCX","pcr","holdout",0.776785547830456,0.78100353733727,"2022-07-13 13:34:53"
"ALCX","pcr","test",2.71202104662111,0.239215227233241,"2022-07-13 13:34:53"
"ALCX","rf","holdout",1.33767818515157,0.395472874412688,"2022-07-13 13:34:53"
"ALCX","rf","test",5.40810267396829,0.0940192071041974,"2022-07-13 13:34:53"
"ALCX","xgb","holdout",1.30274089818949,0.463856056572847,"2022-07-13 13:34:53"
"ALCX","xgb","test",7.35776830357915,0.0636573739868896,"2022-07-13 13:34:53"
"ALICE","lm","holdout",1.16332689481433,0.381600856694658,"2022-07-13 13:34:53"
"ALICE","lm","test",1.68102283823028,0.277648500146546,"2022-07-13 13:34:53"
"ALICE","nnet","holdout",1.75510429952542,0.330170703926749,"2022-07-13 13:34:53"
"ALICE","nnet","test",5.68817554007951,0.181152398082927,"2022-07-13 13:34:53"
"ALICE","pcr","holdout",1.03399412580412,0.662040186445118,"2022-07-13 13:34:53"
"ALICE","pcr","test",1.39479959442011,0.234189982004167,"2022-07-13 13:34:53"
"ALICE","rf","holdout",4.10894714140749,0.0451404187772063,"2022-07-13 13:34:53"
"ALICE","rf","test",1.51449389379061,0.180749478680222,"2022-07-13 13:34:53"
"ALICE","xgb","holdout",5.18207923375394,0.0669588989145133,"2022-07-13 13:34:53"
"ALICE","xgb","test",2.44141476382966,0.023328838129116,"2022-07-13 13:34:53"
"ANKR","lm","holdout",0.677347239203087,0.794737047972086,"2022-07-13 13:34:53"
"ANKR","lm","test",1.2789547647949,0.605541700936476,"2022-07-13 13:34:53"
"ANKR","nnet","holdout",1.16664325109909,0.245970095534727,"2022-07-13 13:34:53"
"ANKR","nnet","test",2.92336286159125,0.101393640198996,"2022-07-13 13:34:53"
"ANKR","pcr","holdout",0.916395367040578,0.520580783346104,"2022-07-13 13:34:53"
"ANKR","pcr","test",1.84393765206863,0.19324277634451,"2022-07-13 13:34:53"
"ANKR","rf","holdout",1.12166317002452,0.205130075566395,"2022-07-13 13:34:53"
"ANKR","rf","test",2.03821448766379,0.0927771506581993,"2022-07-13 13:34:53"
"ANKR","xgb","holdout",1.22351115560538,0.0920441483090011,"2022-07-13 13:34:53"
"ANKR","xgb","test",2.93925801864799,0.105907652716469,"2022-07-13 13:34:53"
"ARDR","lm","holdout",0.920174883769686,0.792806561244915,"2022-07-13 13:34:53"
"ARDR","lm","test",3.33485177493754,0.18585591258564,"2022-07-13 13:34:53"
"ARDR","nnet","holdout",1.59731274341608,0.288666515169135,"2022-07-13 13:34:53"
"ARDR","nnet","test",3.71829866917894,0.0279605762298122,"2022-07-13 13:34:53"
"ARDR","pcr","holdout",1.22424227972749,0.612774915748722,"2022-07-13 13:34:53"
"ARDR","pcr","test",3.38484053609613,0.0256949137287597,"2022-07-13 13:34:53"
"ARDR","rf","holdout",1.65878046696195,0.41922732354713,"2022-07-13 13:34:53"
"ARDR","rf","test",2.93629784489612,0.016903009962445,"2022-07-13 13:34:53"
"ARDR","xgb","holdout",2.2235930012313,0.150901986372126,"2022-07-13 13:34:53"
"ARDR","xgb","test",4.48807937212787,0.0467989621960344,"2022-07-13 13:34:53"
"ARNM","lm","holdout",7.90006444979535,0.00689347039676613,"2022-07-13 13:34:53"
"ARNM","lm","test",1.3460319625895,0.0790178014997844,"2022-07-13 13:34:53"
"ARNM","nnet","holdout",7.37709494223774,0.00462643027852353,"2022-07-13 13:34:53"
"ARNM","nnet","test",2.71738266554809,0.192860241288989,"2022-07-13 13:34:53"
"ARNM","pcr","holdout",7.10909731488432,0.0612430724794314,"2022-07-13 13:34:53"
"ARNM","pcr","test",1.31149095134574,0.265779806631751,"2022-07-13 13:34:53"
"ARNM","rf","holdout",7.49114809859916,0.000161424279426577,"2022-07-13 13:34:53"
"ARNM","rf","test",0.764080104123488,0.145798988238675,"2022-07-13 13:34:53"
"ARNM","xgb","holdout",13.5584694783081,0.13713808074892,"2022-07-13 13:34:53"
"ARNM","xgb","test",0.696242384074076,0.113699841977378,"2022-07-13 13:34:53"
"ATA","lm","holdout",2.34989807429792,0.00436900092101013,"2022-07-13 13:34:53"
"ATA","lm","test",6.20434597592926,0.467880998766644,"2022-07-13 13:34:53"
"ATA","nnet","holdout",1.78173507137347,0.245001479510752,"2022-07-13 13:34:53"
"ATA","nnet","test",2.52256557160021,0.26490506944237,"2022-07-13 13:34:53"
"ATA","pcr","holdout",2.23407766897589,0.193120127285437,"2022-07-13 13:34:53"
"ATA","pcr","test",2.32422564349628,0.321764716426251,"2022-07-13 13:34:53"
"ATA","rf","holdout",2.40991114567211,0.240191468216029,"2022-07-13 13:34:53"
"ATA","rf","test",4.51153503901361,0.0997446112753076,"2022-07-13 13:34:53"
"ATA","xgb","holdout",2.46163087654589,0.0789401560990452,"2022-07-13 13:34:53"
"ATA","xgb","test",4.58503762987456,0.119697208420152,"2022-07-13 13:34:53"
"ATOM","lm","holdout",0.750531971751021,0.830370359684449,"2022-07-13 13:34:53"
"ATOM","lm","test",1.67985049165884,0.527009551971904,"2022-07-13 13:34:53"
"ATOM","nnet","holdout",1.99406248118579,0.201431295861958,"2022-07-13 13:34:53"
"ATOM","nnet","test",3.42431232384934,0.161501581289572,"2022-07-13 13:34:53"
"ATOM","pcr","holdout",1.22053438959996,0.260592427065749,"2022-07-13 13:34:53"
"ATOM","pcr","test",1.75572934911848,0.343927492016447,"2022-07-13 13:34:53"
"ATOM","rf","holdout",5.22962478643975,0.199927961494099,"2022-07-13 13:34:53"
"ATOM","rf","test",3.08452040980844,0.0677473971964306,"2022-07-13 13:34:53"
"ATOM","xgb","holdout",3.93433303259316,0.244991139380741,"2022-07-13 13:34:53"
"ATOM","xgb","test",2.68954220697969,0.105509959153652,"2022-07-13 13:34:53"
"AVA","lm","holdout",1.07605362717524,0.259343598309687,"2022-07-13 13:34:53"
"AVA","lm","test",6.51126924290132,0.343528486497553,"2022-07-13 13:34:53"
"AVA","nnet","holdout",2.60034241649986,0.372282891461774,"2022-07-13 13:34:53"
"AVA","nnet","test",2.89923263837718,0.0775036408305079,"2022-07-13 13:34:53"
"AVA","pcr","holdout",1.16492810812934,0.137505815710977,"2022-07-13 13:34:53"
"AVA","pcr","test",1.45433698552246,0.18150859244767,"2022-07-13 13:34:53"
"AVA","rf","holdout",1.79282272966151,0.14559523877124,"2022-07-13 13:34:53"
"AVA","rf","test",1.76825965320396,0.101344755216428,"2022-07-13 13:34:53"
"AVA","xgb","holdout",2.09953051200012,0.0832753708391452,"2022-07-13 13:34:53"
"AVA","xgb","test",1.85658184759547,0.0502714874468451,"2022-07-13 13:34:53"
"BAKE","lm","holdout",1.58589171449287,0.589914439516003,"2022-07-13 13:34:53"
"BAKE","lm","test",2.17385407222732,0.372696287613019,"2022-07-13 13:34:53"
"BAKE","nnet","holdout",1.98141961007484,0.3812812489455,"2022-07-13 13:34:53"
"BAKE","nnet","test",3.05121373754533,0.0953160620142541,"2022-07-13 13:34:53"
"BAKE","pcr","holdout",1.6375702056247,0.664644411693616,"2022-07-13 13:34:53"
"BAKE","pcr","test",1.72854283681519,0.102323006361181,"2022-07-13 13:34:53"
"BAKE","rf","holdout",2.26932791134996,0.277189839984468,"2022-07-13 13:34:53"
"BAKE","rf","test",2.05556749947165,0.022537061387123,"2022-07-13 13:34:53"
"BAKE","xgb","holdout",5.20245494803414,0.00191121651678656,"2022-07-13 13:34:53"
"BAKE","xgb","test",2.37873805877294,0.015502365408475,"2022-07-13 13:34:53"
"BAL","lm","holdout",0.999074761852771,0.730363162259595,"2022-07-13 13:34:53"
"BAL","lm","test",2.52566578736498,0.228913720366166,"2022-07-13 13:34:53"
"BAL","nnet","holdout",3.6926215641314,0.313810939234452,"2022-07-13 13:34:53"
"BAL","nnet","test",5.27904587568376,0.186279769294924,"2022-07-13 13:34:53"
"BAL","pcr","holdout",1.25326497821626,0.656190891399601,"2022-07-13 13:34:53"
"BAL","pcr","test",1.55910703317144,0.311691503691149,"2022-07-13 13:34:53"
"BAL","rf","holdout",1.24695370689648,0.366564962515162,"2022-07-13 13:34:53"
"BAL","rf","test",2.02176165432167,0.130083440211694,"2022-07-13 13:34:53"
"BAL","xgb","holdout",1.29470605727981,0.347221130153605,"2022-07-13 13:34:53"
"BAL","xgb","test",2.31243148624651,0.10571441780811,"2022-07-13 13:34:53"
"BAT","lm","holdout",0.838006665147913,0.777701336991041,"2022-07-13 13:34:53"
"BAT","lm","test",1.38936816599301,0.476994298702086,"2022-07-13 13:34:53"
"BAT","nnet","holdout",1.73899295904125,0.273704635841545,"2022-07-13 13:34:53"
"BAT","nnet","test",2.30012546502176,0.103614136210834,"2022-07-13 13:34:53"
"BAT","pcr","holdout",1.22433284773818,0.275648198144046,"2022-07-13 13:34:53"
"BAT","pcr","test",1.62447260045761,0.175708728476718,"2022-07-13 13:34:53"
"BAT","rf","holdout",1.95862401168813,0.0000578626576005458,"2022-07-13 13:34:53"
"BAT","rf","test",1.81100922187177,0.133535622290174,"2022-07-13 13:34:53"
"BAT","xgb","holdout",1.84660332638238,0.061083492945508,"2022-07-13 13:34:53"
"BAT","xgb","test",2.19522703346497,0.0400443424686325,"2022-07-13 13:34:53"
"BCH","lm","holdout",0.716960947880591,0.444083450680677,"2022-07-13 13:34:53"
"BCH","lm","test",1.07600638356795,0.248269618687533,"2022-07-13 13:34:53"
"BCH","nnet","holdout",2.60690280596705,0.251296777623591,"2022-07-13 13:34:53"
"BCH","nnet","test",4.89147574860744,0.100303751099389,"2022-07-13 13:34:53"
"BCH","pcr","holdout",0.842808729696157,0.218774449949033,"2022-07-13 13:34:53"
"BCH","pcr","test",1.22374568720152,0.169073719109603,"2022-07-13 13:34:53"
"BCH","rf","holdout",0.892751173990503,0.272988354253317,"2022-07-13 13:34:53"
"BCH","rf","test",1.23351374259167,0.0870721354345103,"2022-07-13 13:34:53"
"BCH","xgb","holdout",0.848063239174621,0.29255411789208,"2022-07-13 13:34:53"
"BCH","xgb","test",1.54898590828265,0.0878689301024473,"2022-07-13 13:34:53"
"BDX","lm","holdout",0.8767746159115,0.22804326582709,"2022-07-13 13:34:53"
"BDX","lm","test",1.27068291790764,0.319859276430457,"2022-07-13 13:34:53"
"BDX","nnet","holdout",0.567860467630817,0.0214036139427231,"2022-07-13 13:34:53"
"BDX","nnet","test",1.21790120863959,0.186343169984694,"2022-07-13 13:34:53"
"BDX","pcr","holdout",0.800203189229025,0.0651851714058131,"2022-07-13 13:34:53"
"BDX","pcr","test",0.966942730336217,0.357482524355869,"2022-07-13 13:34:53"
"BDX","rf","holdout",0.579047976405821,0.0212652190594283,"2022-07-13 13:34:53"
"BDX","rf","test",1.48174936545457,0.167636906134015,"2022-07-13 13:34:53"
"BDX","xgb","holdout",0.609752804755671,0.0162785979667899,"2022-07-13 13:34:53"
"BDX","xgb","test",1.71184156479723,0.0771759872967975,"2022-07-13 13:34:53"
"BICO","lm","holdout",0.635800920815653,0.744358728044442,"2022-07-13 13:34:53"
"BICO","lm","test",4.38420945560698,0.508666000108769,"2022-07-13 13:34:53"
"BICO","nnet","holdout",1.02210244306057,0.161510944956918,"2022-07-13 13:34:53"
"BICO","nnet","test",8.80595147086512,0.0423097756104832,"2022-07-13 13:34:53"
"BICO","pcr","holdout",0.929344610828713,0.000516568104869158,"2022-07-13 13:34:53"
"BICO","pcr","test",7.37338393253684,0.139908805782231,"2022-07-13 13:34:53"
"BICO","rf","holdout",1.0727891075178,0.161503188453843,"2022-07-13 13:34:53"
"BICO","rf","test",6.64075406626572,0.261008996664283,"2022-07-13 13:34:53"
"BICO","xgb","holdout",1.50363005596535,0.0386164424187171,"2022-07-13 13:34:53"
"BICO","xgb","test",6.92338309598854,0.153853631349924,"2022-07-13 13:34:53"
"BNT","lm","holdout",1.65146726110998,0.294001848660376,"2022-07-13 13:34:53"
"BNT","lm","test",189.870580103951,0.12596688892447,"2022-07-13 13:34:53"
"BNT","nnet","holdout",1.11605129634705,0.240456755627059,"2022-07-13 13:34:53"
"BNT","nnet","test",15.1485779371165,0.107215793591152,"2022-07-13 13:34:53"
"BNT","pcr","holdout",1.60787209741605,0.266745270066737,"2022-07-13 13:34:53"
"BNT","pcr","test",14.4208264001841,0.160357779589816,"2022-07-13 13:34:53"
"BNT","rf","holdout",1.60802731989864,0.266741537412286,"2022-07-13 13:34:53"
"BNT","rf","test",14.1712000393039,0.0356302244872565,"2022-07-13 13:34:53"
"BNT","xgb","holdout",1.85773582173214,0.0979727006877873,"2022-07-13 13:34:53"
"BNT","xgb","test",17.4696206500482,0.00425024710957603,"2022-07-13 13:34:53"
"BSV","lm","holdout",0.935572541253643,0.545489233221577,"2022-07-13 13:34:53"
"BSV","lm","test",1.49148091647122,0.593908587802525,"2022-07-13 13:34:53"
"BSV","nnet","holdout",1.89430469673885,0.206180503167216,"2022-07-13 13:34:53"
"BSV","nnet","test",2.35063630297541,0.244764812200959,"2022-07-13 13:34:53"
"BSV","pcr","holdout",0.918647093698481,0.568074253200495,"2022-07-13 13:34:53"
"BSV","pcr","test",1.31579296588296,0.410283340122167,"2022-07-13 13:34:53"
"BSV","rf","holdout",2.18790755670487,0.00506857315875949,"2022-07-13 13:34:53"
"BSV","rf","test",4.29269501567918,0.066740175322006,"2022-07-13 13:34:53"
"BSV","xgb","holdout",2.12224582640205,0.00559396746560303,"2022-07-13 13:34:53"
"BSV","xgb","test",4.01593390129233,0.0287213767710351,"2022-07-13 13:34:53"
"BTC","lm","holdout",0.736104370981289,0.62941651724536,"2022-07-13 13:34:53"
"BTC","lm","test",3.31422448767243,0.484275470001695,"2022-07-13 13:34:53"
"BTC","nnet","holdout",1.03547892720623,0.26171770552583,"2022-07-13 13:34:53"
"BTC","nnet","test",2.19811100663397,0.139754198612048,"2022-07-13 13:34:53"
"BTC","pcr","holdout",0.472300395930592,0.700349983511183,"2022-07-13 13:34:53"
"BTC","pcr","test",1.95680894786535,0.330444931810979,"2022-07-13 13:34:53"
"BTC","rf","holdout",1.40479848834062,0.295601043192222,"2022-07-13 13:34:53"
"BTC","rf","test",2.15595750359283,0.0861298386277452,"2022-07-13 13:34:53"
"BTC","xgb","holdout",1.01929800784062,0.429611408572652,"2022-07-13 13:34:53"
"BTC","xgb","test",1.80600368496296,0.131665310793047,"2022-07-13 13:34:53"
"BTG","lm","holdout",0.408133541375978,0.79797939082186,"2022-07-13 13:34:53"
"BTG","lm","test",1.7214854563944,0.412593782737615,"2022-07-13 13:34:53"
"BTG","nnet","holdout",1.28138034662222,0.34442094683813,"2022-07-13 13:34:53"
"BTG","nnet","test",2.49412370220461,0.168483999680003,"2022-07-13 13:34:53"
"BTG","pcr","holdout",0.508071153987025,0.714305656328779,"2022-07-13 13:34:53"
"BTG","pcr","test",1.58182696783119,0.299423106096397,"2022-07-13 13:34:53"
"BTG","rf","holdout",0.718656505654521,0.395451292315655,"2022-07-13 13:34:53"
"BTG","rf","test",2.56769939566856,0.0977450050052055,"2022-07-13 13:34:53"
"BTG","xgb","holdout",0.781043904852283,0.316875110860825,"2022-07-13 13:34:53"
"BTG","xgb","test",2.98478542821559,0.108350036778257,"2022-07-13 13:34:53"
"BTRST","lm","holdout",10.1086210963717,0.00425228987550232,"2022-07-13 13:34:53"
"BTRST","lm","test",10.5265141242267,0.321154080286941,"2022-07-13 13:34:53"
"BTRST","nnet","holdout",9.54006961922353,0.00000000039356402018637,"2022-07-13 13:34:53"
"BTRST","nnet","test",13.0760689344001,0.046584308113166,"2022-07-13 13:34:53"
"BTRST","pcr","holdout",9.50977109238951,0.00755472872229068,"2022-07-13 13:34:53"
"BTRST","pcr","test",12.1014582989204,0.202237629465137,"2022-07-13 13:34:53"
"BTRST","rf","holdout",9.92311963030287,0.000450159977876917,"2022-07-13 13:34:53"
"BTRST","rf","test",12.8904993856989,0.0424771689950035,"2022-07-13 13:34:53"
"BTRST","xgb","holdout",11.4330261782154,0.0432340210872795,"2022-07-13 13:34:53"
"BTRST","xgb","test",15.699107205879,0.0818009880141471,"2022-07-13 13:34:53"
"CELR","lm","holdout",0.909064460581912,0.64399143812942,"2022-07-13 13:34:53"
"CELR","lm","test",2.15886609288941,0.154020990874133,"2022-07-13 13:34:53"
"CELR","nnet","holdout",1.32961941282502,0.237527970444018,"2022-07-13 13:34:53"
"CELR","nnet","test",3.40044390820582,0.18843188215025,"2022-07-13 13:34:53"
"CELR","pcr","holdout",0.987940565965053,0.573704597678727,"2022-07-13 13:34:53"
"CELR","pcr","test",1.82741622049065,0.21109566644663,"2022-07-13 13:34:53"
"CELR","rf","holdout",1.31442668004092,0.426566221753392,"2022-07-13 13:34:53"
"CELR","rf","test",3.59864950622789,0.0226824119250382,"2022-07-13 13:34:53"
"CELR","xgb","holdout",2.13711331832104,0.139762395833509,"2022-07-13 13:34:53"
"CELR","xgb","test",3.0428382899341,0.0579451071384947,"2022-07-13 13:34:53"
"CHZ","lm","holdout",0.614613169595616,0.794928863456121,"2022-07-13 13:34:53"
"CHZ","lm","test",1.43038373294694,0.485673225083205,"2022-07-13 13:34:53"
"CHZ","nnet","holdout",1.21852600209821,0.185723243001467,"2022-07-13 13:34:53"
"CHZ","nnet","test",2.49766149486982,0.0378937504368312,"2022-07-13 13:34:53"
"CHZ","pcr","holdout",0.903212202175524,0.419096779769086,"2022-07-13 13:34:53"
"CHZ","pcr","test",1.91280380373024,0.045924723493813,"2022-07-13 13:34:53"
"CHZ","rf","holdout",2.20058210425119,0.0435976970530305,"2022-07-13 13:34:53"
"CHZ","rf","test",2.06337236361653,0.0613957861338203,"2022-07-13 13:34:53"
"CHZ","xgb","holdout",1.39422840015778,0.131887755085522,"2022-07-13 13:34:53"
"CHZ","xgb","test",3.04112590272064,0.0393504717488464,"2022-07-13 13:34:53"
"CROOLD","lm","holdout",0.563389963247609,0.674276633514739,"2022-07-13 13:34:53"
"CROOLD","lm","test",2.43516039028904,0.555628358983773,"2022-07-13 13:34:53"
"CROOLD","nnet","holdout",0.883395300856839,0.272137342699712,"2022-07-13 13:34:53"
"CROOLD","nnet","test",2.64024789805435,0.147085150381613,"2022-07-13 13:34:53"
"CROOLD","pcr","holdout",0.571342476964492,0.654291802663508,"2022-07-13 13:34:53"
"CROOLD","pcr","test",2.05625948924432,0.293763701275869,"2022-07-13 13:34:53"
"CROOLD","rf","holdout",2.20900152432957,0.290891544012545,"2022-07-13 13:34:53"
"CROOLD","rf","test",1.57294560009263,0.0817289495218242,"2022-07-13 13:34:53"
"CROOLD","xgb","holdout",1.60269099296771,0.143089551233866,"2022-07-13 13:34:53"
"CROOLD","xgb","test",2.10758325972203,0.123202462157681,"2022-07-13 13:34:53"
"DASH","lm","holdout",0.459744307411004,0.923296949650928,"2022-07-13 13:34:53"
"DASH","lm","test",1.49123266805754,0.555300273521388,"2022-07-13 13:34:53"
"DASH","nnet","holdout",1.74516660834152,0.337156491289072,"2022-07-13 13:34:53"
"DASH","nnet","test",2.74662442342589,0.169213306238958,"2022-07-13 13:34:53"
"DASH","pcr","holdout",0.725088409529011,0.746895092421274,"2022-07-13 13:34:53"
"DASH","pcr","test",1.5081936306326,0.300678078306483,"2022-07-13 13:34:53"
"DASH","rf","holdout",1.8393372081357,0.251514127029783,"2022-07-13 13:34:53"
"DASH","rf","test",1.7564604864088,0.139328815909282,"2022-07-13 13:34:53"
"DASH","xgb","holdout",1.33928834738362,0.283261224625604,"2022-07-13 13:34:53"
"DASH","xgb","test",2.34079342318601,0.0641831921578462,"2022-07-13 13:34:53"
"DCR","lm","holdout",0.933560730705282,0.101232904946314,"2022-07-13 13:34:53"
"DCR","lm","test",3.03755072818015,0.66471955152129,"2022-07-13 13:34:53"
"DCR","nnet","holdout",1.66702780712692,0.149529423955504,"2022-07-13 13:34:53"
"DCR","nnet","test",3.77810742537125,0.141233645638661,"2022-07-13 13:34:53"
"DCR","pcr","holdout",0.956984406005901,0.0706698493020424,"2022-07-13 13:34:53"
"DCR","pcr","test",3.06152182776759,0.306897112027223,"2022-07-13 13:34:53"
"DCR","rf","holdout",1.22690072243868,0.0151217296066297,"2022-07-13 13:34:53"
"DCR","rf","test",4.25861738806786,0.223646813181649,"2022-07-13 13:34:53"
"DCR","xgb","holdout",1.45741328487693,0.00460726159882364,"2022-07-13 13:34:53"
"DCR","xgb","test",3.70053855925182,0.239958959001555,"2022-07-13 13:34:53"
"DGB","lm","holdout",0.75517423337,0.793857084633413,"2022-07-13 13:34:53"
"DGB","lm","test",1.65929112715597,0.502768089447151,"2022-07-13 13:34:53"
"DGB","nnet","holdout",5.79413644665896,0.432697701291259,"2022-07-13 13:34:53"
"DGB","nnet","test",2.45555872987069,0.229707966127206,"2022-07-13 13:34:53"
"DGB","pcr","holdout",0.847098264345364,0.757925422485419,"2022-07-13 13:34:53"
"DGB","pcr","test",1.47016955342801,0.420218409351251,"2022-07-13 13:34:53"
"DGB","rf","holdout",1.39122998308562,0.318268742223516,"2022-07-13 13:34:53"
"DGB","rf","test",1.82176001076046,0.210637898970048,"2022-07-13 13:34:53"
"DGB","xgb","holdout",1.01525849307181,0.622680562402485,"2022-07-13 13:34:53"
"DGB","xgb","test",1.9861521937508,0.303690140868985,"2022-07-13 13:34:53"
"DODO","lm","holdout",3.46723288546602,0.462590548100767,"2022-07-13 13:34:53"
"DODO","lm","test",3.11520663670176,0.33121891222714,"2022-07-13 13:34:53"
"DODO","nnet","holdout",1.58540409998804,0.32571472917403,"2022-07-13 13:34:53"
"DODO","nnet","test",3.33199412074053,0.127906677749868,"2022-07-13 13:34:53"
"DODO","pcr","holdout",1.54415533143545,0.457337137792738,"2022-07-13 13:34:53"
"DODO","pcr","test",2.17106918041591,0.25309177668755,"2022-07-13 13:34:53"
"DODO","rf","holdout",1.64200944544026,0.324215315167623,"2022-07-13 13:34:53"
"DODO","rf","test",2.14349173943789,0.0919120538578225,"2022-07-13 13:34:53"
"DODO","xgb","holdout",2.41195174759838,0.255445074929561,"2022-07-13 13:34:53"
"DODO","xgb","test",2.05100672725875,0.0617467389780806,"2022-07-13 13:34:53"
"DOT","lm","holdout",0.910055672285283,0.223249226324333,"2022-07-13 13:34:53"
"DOT","lm","test",1.42451904510953,0.591760212762332,"2022-07-13 13:34:53"
"DOT","nnet","holdout",1.67214435963174,0.136896695922633,"2022-07-13 13:34:53"
"DOT","nnet","test",2.76399438812567,0.31502264986631,"2022-07-13 13:34:53"
"DOT","pcr","holdout",0.889253546619821,0.360325161356284,"2022-07-13 13:34:53"
"DOT","pcr","test",1.47638739617531,0.495486121063223,"2022-07-13 13:34:53"
"DOT","rf","holdout",1.47487278460098,0.0166454177809631,"2022-07-13 13:34:53"
"DOT","rf","test",2.23355475041392,0.234725277300834,"2022-07-13 13:34:53"
"DOT","xgb","holdout",1.45980073954634,0.000912975149136284,"2022-07-13 13:34:53"
"DOT","xgb","test",2.28747517898789,0.108135014437028,"2022-07-13 13:34:53"
"DYDX","lm","holdout",0.532476475709764,0.926757888066456,"2022-07-13 13:34:53"
"DYDX","lm","test",1.71196268801344,0.587597288557965,"2022-07-13 13:34:53"
"DYDX","nnet","holdout",1.46896776898845,0.172034545416688,"2022-07-13 13:34:53"
"DYDX","nnet","test",3.69268569357009,0.0372377252134844,"2022-07-13 13:34:53"
"DYDX","pcr","holdout",1.3372013733862,0.266954755021921,"2022-07-13 13:34:53"
"DYDX","pcr","test",2.21748428075728,0.102925095173786,"2022-07-13 13:34:53"
"DYDX","rf","holdout",5.69678815491905,0.0173500205132773,"2022-07-13 13:34:53"
"DYDX","rf","test",3.17648986754637,0.0599398419249467,"2022-07-13 13:34:53"
"DYDX","xgb","holdout",3.14344215017621,0.144473808376724,"2022-07-13 13:34:53"
"DYDX","xgb","test",4.07779388816456,0.0463533749663721,"2022-07-13 13:34:53"
"ENJ","lm","holdout",0.841944473010786,0.727508499055238,"2022-07-13 13:34:53"
"ENJ","lm","test",1.46700666284228,0.614919785004483,"2022-07-13 13:34:53"
"ENJ","nnet","holdout",1.61071835426095,0.0158755615541554,"2022-07-13 13:34:53"
"ENJ","nnet","test",3.42018709069947,0.255486709989788,"2022-07-13 13:34:53"
"ENJ","pcr","holdout",0.948063950635418,0.694555464113951,"2022-07-13 13:34:53"
"ENJ","pcr","test",1.8200973227635,0.323174363485965,"2022-07-13 13:34:53"
"ENJ","rf","holdout",1.17066068153529,0.559246179153452,"2022-07-13 13:34:53"
"ENJ","rf","test",2.37775619309242,0.0894545034812848,"2022-07-13 13:34:53"
"ENJ","xgb","holdout",1.25029798481498,0.478310141936933,"2022-07-13 13:34:53"
"ENJ","xgb","test",2.60800512205161,0.218184222646338,"2022-07-13 13:34:53"
"EOS","lm","holdout",0.716325890911463,0.726755617770372,"2022-07-13 13:34:53"
"EOS","lm","test",2.3375632172121,0.399408707706099,"2022-07-13 13:34:53"
"EOS","nnet","holdout",1.22901604801361,0.295033101221056,"2022-07-13 13:34:53"
"EOS","nnet","test",2.51254784415012,0.216304280927726,"2022-07-13 13:34:53"
"EOS","pcr","holdout",0.597671940720676,0.727462025345607,"2022-07-13 13:34:53"
"EOS","pcr","test",1.62936790102769,0.34573096046509,"2022-07-13 13:34:53"
"EOS","rf","holdout",2.28618085272077,0.274737833039367,"2022-07-13 13:34:53"
"EOS","rf","test",1.84862303402599,0.221385314739948,"2022-07-13 13:34:53"
"EOS","xgb","holdout",2.39594134612216,0.196039946632771,"2022-07-13 13:34:53"
"EOS","xgb","test",1.68553193870668,0.083366898871715,"2022-07-13 13:34:53"
"ETH","lm","holdout",0.763687681442846,0.708993858687669,"2022-07-13 13:34:53"
"ETH","lm","test",2.83280562429233,0.550201829086433,"2022-07-13 13:34:53"
"ETH","nnet","holdout",1.57058357211259,0.305373305167846,"2022-07-13 13:34:53"
"ETH","nnet","test",3.14198596735082,0.201974892032214,"2022-07-13 13:34:53"
"ETH","pcr","holdout",0.665174955763454,0.772010421421298,"2022-07-13 13:34:53"
"ETH","pcr","test",2.09545667810287,0.406915258424802,"2022-07-13 13:34:53"
"ETH","rf","holdout",1.18053560559215,0.525375819512849,"2022-07-13 13:34:53"
"ETH","rf","test",2.22647295413388,0.105820524486378,"2022-07-13 13:34:53"
"ETH","xgb","holdout",1.03136701645481,0.505311061877938,"2022-07-13 13:34:53"
"ETH","xgb","test",1.83634435193308,0.10479490539163,"2022-07-13 13:34:53"
"ETP","lm","holdout",5.59844903766052,0.00924155553614181,"2022-07-13 13:34:53"
"ETP","lm","test",8.90353197525617,0.0737155223010406,"2022-07-13 13:34:53"
"ETP","nnet","holdout",5.55085180205448,0.078703984003466,"2022-07-13 13:34:53"
"ETP","nnet","test",8.04571175089771,0.00910991016983733,"2022-07-13 13:34:53"
"ETP","pcr","holdout",4.85055852233305,0.00601939102925789,"2022-07-13 13:34:53"
"ETP","pcr","test",7.92346520205383,0.0435492303106266,"2022-07-13 13:34:53"
"ETP","rf","holdout",11.5563574471992,0.00651663949147452,"2022-07-13 13:34:53"
"ETP","rf","test",7.67742840501511,0.0025123485967141,"2022-07-13 13:34:53"
"ETP","xgb","holdout",5.26227991225279,0.0308972298348726,"2022-07-13 13:34:53"
"ETP","xgb","test",11.7275092045764,0.01895265639444,"2022-07-13 13:34:53"
"EURS","lm","holdout",0.0745353774814359,0.867912324413354,"2022-07-13 13:34:53"
"EURS","lm","test",0.117726758877664,0.580768150980859,"2022-07-13 13:34:53"
"EURS","nnet","holdout",1.07549873570253,0.323455477662445,"2022-07-13 13:34:53"
"EURS","nnet","test",1.23666553171904,0.225781761591876,"2022-07-13 13:34:53"
"EURS","pcr","holdout",0.106816005411228,0.773289541862584,"2022-07-13 13:34:53"
"EURS","pcr","test",0.138323567059561,0.370975537174175,"2022-07-13 13:34:53"
"EURS","rf","holdout",0.187173542836906,0.344366031348897,"2022-07-13 13:34:53"
"EURS","rf","test",0.143726637038348,0.209601720069394,"2022-07-13 13:34:53"
"EURS","xgb","holdout",0.369812056739779,0.000603381065767935,"2022-07-13 13:34:53"
"EURS","xgb","test",0.280112592707165,0.0191515949758386,"2022-07-13 13:34:53"
"FTT","lm","holdout",0.399427598543418,0.820727514064435,"2022-07-13 13:34:53"
"FTT","lm","test",0.945030678175915,0.532020745555563,"2022-07-13 13:34:53"
"FTT","nnet","holdout",1.45377361483821,0.218977754816361,"2022-07-13 13:34:53"
"FTT","nnet","test",2.12592191197769,0.272277941995146,"2022-07-13 13:34:53"
"FTT","pcr","holdout",0.650274385558632,0.522079932493584,"2022-07-13 13:34:53"
"FTT","pcr","test",1.0709407586724,0.434717368979121,"2022-07-13 13:34:53"
"FTT","rf","holdout",0.900193674974424,0.428693605521232,"2022-07-13 13:34:53"
"FTT","rf","test",1.72912418480776,0.203865877483956,"2022-07-13 13:34:53"
"FTT","xgb","holdout",1.20017842892835,0.134363089151067,"2022-07-13 13:34:53"
"FTT","xgb","test",2.1785087286245,0.160525725630729,"2022-07-13 13:34:53"
"GAS","lm","holdout",0.346210691385639,0.941546706387087,"2022-07-13 13:34:53"
"GAS","lm","test",2.05065498083644,0.252505671902453,"2022-07-13 13:34:53"
"GAS","nnet","holdout",1.3839782858033,0.314157328195647,"2022-07-13 13:34:53"
"GAS","nnet","test",4.51004393458847,0.265596546398213,"2022-07-13 13:34:53"
"GAS","pcr","holdout",0.612724851566588,0.784790087892225,"2022-07-13 13:34:53"
"GAS","pcr","test",2.09880103080844,0.399750603169148,"2022-07-13 13:34:53"
"GAS","rf","holdout",1.11562561703745,0.428915042840589,"2022-07-13 13:34:53"
"GAS","rf","test",1.69586918950574,0.244494089368766,"2022-07-13 13:34:53"
"GAS","xgb","holdout",1.5610195330472,0.23654888362385,"2022-07-13 13:34:53"
"GAS","xgb","test",2.17637921640879,0.0609286692641266,"2022-07-13 13:34:53"
"GMT","lm","holdout",1.95181978096941,0.202526351641153,"2022-07-13 13:34:53"
"GMT","lm","test",2.02599757225503,0.242980976511757,"2022-07-13 13:34:53"
"GMT","nnet","holdout",1.51177268356125,0.0390113675269207,"2022-07-13 13:34:53"
"GMT","nnet","test",4.66234711433591,0.242762799956668,"2022-07-13 13:34:53"
"GMT","pcr","holdout",1.93679779734815,0.0327132234051345,"2022-07-13 13:34:53"
"GMT","pcr","test",1.7472460450035,0.41341409484602,"2022-07-13 13:34:53"
"GMT","rf","holdout",1.1970753482095,0.0384735606215888,"2022-07-13 13:34:53"
"GMT","rf","test",2.43785979109164,0.20409463414268,"2022-07-13 13:34:53"
"GMT","xgb","holdout",1.20963464480309,0.0340205263788607,"2022-07-13 13:34:53"
"GMT","xgb","test",2.10718318771224,0.260563002604915,"2022-07-13 13:34:53"
"GMTT","lm","holdout",10.3622786419472,0.003912978473058,"2022-07-13 13:34:53"
"GMTT","lm","test",6.59020134889659,0.206994074840746,"2022-07-13 13:34:53"
"GMTT","nnet","holdout",9.97734478693573,0.0519550045577479,"2022-07-13 13:34:53"
"GMTT","nnet","test",5.86099872304841,0.26639724929059,"2022-07-13 13:34:53"
"GMTT","pcr","holdout",10.1548704520308,0.00726218683801387,"2022-07-13 13:34:53"
"GMTT","pcr","test",5.27926871523376,0.361944339046636,"2022-07-13 13:34:53"
"GMTT","rf","holdout",9.97847631799672,0.0524546271697195,"2022-07-13 13:34:53"
"GMTT","rf","test",6.79144888201594,0.135678620422861,"2022-07-13 13:34:53"
"GMTT","xgb","holdout",14.1064166104037,0.00404571534473196,"2022-07-13 13:34:53"
"GMTT","xgb","test",7.6897774589645,0.0736830202914306,"2022-07-13 13:34:53"
"HT","lm","holdout",0.342000632127657,0.136123389942408,"2022-07-13 13:34:53"
"HT","lm","test",1.78736763520818,0.559570836148369,"2022-07-13 13:34:53"
"HT","nnet","holdout",1.11878245762327,0.0383399683173537,"2022-07-13 13:34:53"
"HT","nnet","test",2.44389237335727,0.100814071685527,"2022-07-13 13:34:53"
"HT","pcr","holdout",0.426824256495959,0.0302090939416192,"2022-07-13 13:34:53"
"HT","pcr","test",1.64161303936413,0.264773146689567,"2022-07-13 13:34:53"
"HT","rf","holdout",1.71060456535228,0.0162886976297572,"2022-07-13 13:34:53"
"HT","rf","test",1.93908437032115,0.324214616756719,"2022-07-13 13:34:53"
"HT","xgb","holdout",1.17353857787657,0.00200780867622104,"2022-07-13 13:34:53"
"HT","xgb","test",1.70669718669588,0.0673569410262392,"2022-07-13 13:34:53"
"ICP","lm","holdout",1.55123151579408,0.312311437848374,"2022-07-13 13:34:53"
"ICP","lm","test",2.23935110390859,0.423665725969128,"2022-07-13 13:34:53"
"ICP","nnet","holdout",1.84666902240931,0.0394475919036817,"2022-07-13 13:34:53"
"ICP","nnet","test",3.18195057022262,0.136345128802678,"2022-07-13 13:34:53"
"ICP","pcr","holdout",1.71026544444607,0.0276091044131734,"2022-07-13 13:34:53"
"ICP","pcr","test",2.26391600723184,0.245063508170407,"2022-07-13 13:34:53"
"ICP","rf","holdout",1.79822605111604,0.0219043305761548,"2022-07-13 13:34:53"
"ICP","rf","test",2.8230683329654,0.346073267613236,"2022-07-13 13:34:53"
"ICP","xgb","holdout",3.43805585075737,0.00668095013673855,"2022-07-13 13:34:53"
"ICP","xgb","test",2.21895337031149,0.233060079671707,"2022-07-13 13:34:53"
"IOST","lm","holdout",0.964523608942517,0.0312117167168043,"2022-07-13 13:34:53"
"IOST","lm","test",1.17304082727953,0.253351449954261,"2022-07-13 13:34:53"
"IOST","nnet","holdout",0.76308572816123,0.266927912261013,"2022-07-13 13:34:53"
"IOST","nnet","test",3.39098986310995,0.0767330851983706,"2022-07-13 13:34:53"
"IOST","pcr","holdout",0.822507142164909,0.0225039398087267,"2022-07-13 13:34:53"
"IOST","pcr","test",1.03315044935174,0.0842354317670451,"2022-07-13 13:34:53"
"IOST","rf","holdout",1.23001923331155,0.279076005802121,"2022-07-13 13:34:53"
"IOST","rf","test",1.05997851043725,0.0692134150824522,"2022-07-13 13:34:53"
"IOST","xgb","holdout",0.633245803520028,0.289337588219345,"2022-07-13 13:34:53"
"IOST","xgb","test",1.44814313506452,0.0660787003639565,"2022-07-13 13:34:53"
"IOTA","lm","holdout",0.992850670930234,0.702243153868717,"2022-07-13 13:34:53"
"IOTA","lm","test",1.08543734760616,0.740523203612657,"2022-07-13 13:34:53"
"IOTA","nnet","holdout",1.54466928374531,0.290459918823621,"2022-07-13 13:34:53"
"IOTA","nnet","test",2.46813780687833,0.18437602131791,"2022-07-13 13:34:53"
"IOTA","pcr","holdout",0.849254366770432,0.784600067111249,"2022-07-13 13:34:53"
"IOTA","pcr","test",1.59837905670471,0.259337103554116,"2022-07-13 13:34:53"
"IOTA","rf","holdout",1.14887754332144,0.604200601538763,"2022-07-13 13:34:53"
"IOTA","rf","test",3.43447037861885,0.127994706030294,"2022-07-13 13:34:53"
"IOTA","xgb","holdout",1.69140424367756,0.367189815743198,"2022-07-13 13:34:53"
"IOTA","xgb","test",2.55411599151485,0.149724629356954,"2022-07-13 13:34:53"
"JASMY","lm","holdout",1.64181577365268,0.575466444218344,"2022-07-13 13:34:53"
"JASMY","lm","test",1.74809176897491,0.511313640182584,"2022-07-13 13:34:53"
"JASMY","nnet","holdout",1.40853717426276,0.15050317931638,"2022-07-13 13:34:53"
"JASMY","nnet","test",3.48497975402147,0.276617134716186,"2022-07-13 13:34:53"
"JASMY","pcr","holdout",1.16396729093557,0.291943658935614,"2022-07-13 13:34:53"
"JASMY","pcr","test",1.86564598855104,0.414629529937304,"2022-07-13 13:34:53"
"JASMY","rf","holdout",3.92339134584393,0.100302960868809,"2022-07-13 13:34:53"
"JASMY","rf","test",2.7315323362023,0.282185733323574,"2022-07-13 13:34:53"
"JASMY","xgb","holdout",1.42281279754377,0.252032816213892,"2022-07-13 13:34:53"
"JASMY","xgb","test",2.8333211259376,0.282400226811849,"2022-07-13 13:34:53"
"KLAY","lm","holdout",1.18579967618032,0.0656605314380017,"2022-07-13 13:34:53"
"KLAY","lm","test",1.23999961186429,0.165225051882038,"2022-07-13 13:34:53"
"KLAY","nnet","holdout",0.962967100569727,0.0410349939493555,"2022-07-13 13:34:53"
"KLAY","nnet","test",2.50299074377447,0.195522637297041,"2022-07-13 13:34:53"
"KLAY","pcr","holdout",0.682262520535974,0.416889688019502,"2022-07-13 13:34:53"
"KLAY","pcr","test",1.00827175563345,0.388130471982672,"2022-07-13 13:34:53"
"KLAY","rf","holdout",1.07396371137861,0.0462323879297394,"2022-07-13 13:34:53"
"KLAY","rf","test",1.28311521555418,0.12810958952947,"2022-07-13 13:34:53"
"KLAY","xgb","holdout",1.04057793986808,0.0621021319582416,"2022-07-13 13:34:53"
"KLAY","xgb","test",1.60756844923664,0.0429790069188642,"2022-07-13 13:34:53"
"KMD","lm","holdout",2.79948796043964,0.971570737315558,"2022-07-13 13:34:53"
"KMD","lm","test",2.7652501437099,0.575481705554303,"2022-07-13 13:34:53"
"KMD","nnet","holdout",6.77337821988004,0.42440279390295,"2022-07-13 13:34:53"
"KMD","nnet","test",1.96251548638899,0.256518087731591,"2022-07-13 13:34:53"
"KMD","pcr","holdout",4.64975358297978,0.873561403304147,"2022-07-13 13:34:53"
"KMD","pcr","test",1.71368209004002,0.294434241554461,"2022-07-13 13:34:53"
"KMD","rf","holdout",6.14908938414139,0.280687164025458,"2022-07-13 13:34:53"
"KMD","rf","test",2.56304032530723,0.0992711335955221,"2022-07-13 13:34:53"
"KMD","xgb","holdout",5.90607586643626,0.471287103408506,"2022-07-13 13:34:53"
"KMD","xgb","test",2.13941521141443,0.186953979334086,"2022-07-13 13:34:53"
"KNC","lm","holdout",0.696762625762712,0.69191979676623,"2022-07-13 13:34:53"
"KNC","lm","test",2.20200259640548,0.601206536901491,"2022-07-13 13:34:53"
"KNC","nnet","holdout",1.74134424852521,0.244759979306017,"2022-07-13 13:34:53"
"KNC","nnet","test",4.81823783174794,0.310401807710781,"2022-07-13 13:34:53"
"KNC","pcr","holdout",0.801280373892203,0.615094539746183,"2022-07-13 13:34:53"
"KNC","pcr","test",3.27904119409573,0.359070392991451,"2022-07-13 13:34:53"
"KNC","rf","holdout",1.06681587489438,0.507106184371204,"2022-07-13 13:34:53"
"KNC","rf","test",4.99445597950695,0.190531583198312,"2022-07-13 13:34:53"
"KNC","xgb","holdout",1.31042906438868,0.303757375516866,"2022-07-13 13:34:53"
"KNC","xgb","test",5.9485262957842,0.173151430698179,"2022-07-13 13:34:53"
"LEO","lm","holdout",0.77752890312956,0.0981085906387625,"2022-07-13 13:34:53"
"LEO","lm","test",4.24406302633265,0.141035981381106,"2022-07-13 13:34:53"
"LEO","nnet","holdout",1.61559801871193,0.241859503739116,"2022-07-13 13:34:53"
"LEO","nnet","test",4.60836819671722,0.0809864992272155,"2022-07-13 13:34:53"
"LEO","pcr","holdout",0.810305832280761,0.0280146825905825,"2022-07-13 13:34:53"
"LEO","pcr","test",4.17710785115768,0.228898564361053,"2022-07-13 13:34:53"
"LEO","rf","holdout",1.06955601561405,0.250855444284523,"2022-07-13 13:34:53"
"LEO","rf","test",4.23478588137943,0.0849312913588143,"2022-07-13 13:34:53"
"LEO","xgb","holdout",4.50994214453329,0.291548099191061,"2022-07-13 13:34:53"
"LEO","xgb","test",4.99778923542576,0.103959853433936,"2022-07-13 13:34:53"
"LSK","lm","holdout",0.554343542360921,0.84429422758859,"2022-07-13 13:34:53"
"LSK","lm","test",2.06560583536085,0.418857778267533,"2022-07-13 13:34:53"
"LSK","nnet","holdout",1.41303161337221,0.321677664808523,"2022-07-13 13:34:53"
"LSK","nnet","test",3.59213490542423,0.100590711097386,"2022-07-13 13:34:53"
"LSK","pcr","holdout",0.65115709278154,0.71783680440656,"2022-07-13 13:34:53"
"LSK","pcr","test",2.27458227080682,0.131284288853519,"2022-07-13 13:34:53"
"LSK","rf","holdout",0.914076526471497,0.293909745341859,"2022-07-13 13:34:53"
"LSK","rf","test",2.92875366020597,0.0810714131874151,"2022-07-13 13:34:53"
"LSK","xgb","holdout",0.906825191641761,0.291111757792865,"2022-07-13 13:34:53"
"LSK","xgb","test",2.99820751366963,0.0693205802785278,"2022-07-13 13:34:53"
"LTC","lm","holdout",0.695110407774725,0.714840472827177,"2022-07-13 13:34:53"
"LTC","lm","test",1.8491663926107,0.247043718931205,"2022-07-13 13:34:53"
"LTC","nnet","holdout",1.72112628528399,0.264514628346699,"2022-07-13 13:34:53"
"LTC","nnet","test",2.54880063424968,0.207246249991488,"2022-07-13 13:34:53"
"LTC","pcr","holdout",0.859842965366852,0.538199805760591,"2022-07-13 13:34:53"
"LTC","pcr","test",1.58252223375042,0.324643753454789,"2022-07-13 13:34:53"
"LTC","rf","holdout",0.901967234468478,0.249174787792212,"2022-07-13 13:34:53"
"LTC","rf","test",3.17801395880648,0.178024417579573,"2022-07-13 13:34:53"
"LTC","xgb","holdout",1.2869049467896,0.00202550326139508,"2022-07-13 13:34:53"
"LTC","xgb","test",2.33616010117438,0.0596381193331433,"2022-07-13 13:34:53"
"MANA","lm","holdout",0.858968858392215,0.558154217913143,"2022-07-13 13:34:53"
"MANA","lm","test",1.13611854402471,0.714610113477698,"2022-07-13 13:34:53"
"MANA","nnet","holdout",1.87676996780792,0.246795936555349,"2022-07-13 13:34:53"
"MANA","nnet","test",2.46749665844403,0.277918135935812,"2022-07-13 13:34:53"
"MANA","pcr","holdout",0.811360020386773,0.678517077589579,"2022-07-13 13:34:53"
"MANA","pcr","test",1.54515557699995,0.363876841740645,"2022-07-13 13:34:53"
"MANA","rf","holdout",1.07341446770306,0.267282302364928,"2022-07-13 13:34:53"
"MANA","rf","test",4.97665502795103,0.101324945784385,"2022-07-13 13:34:53"
"MANA","xgb","holdout",1.68050540453833,0.000479825780441833,"2022-07-13 13:34:53"
"MANA","xgb","test",4.50793513012227,0.195661070382169,"2022-07-13 13:34:53"
"MC","lm","holdout",8.45840889333041,0.00332087942877763,"2022-07-13 13:34:53"
"MC","lm","test",9.33557066208805,0.0630385109806955,"2022-07-13 13:34:53"
"MC","nnet","holdout",7.65007978508724,0.0560526202908474,"2022-07-13 13:34:53"
"MC","nnet","test",8.67720009976101,0.0217327820552575,"2022-07-13 13:34:53"
"MC","pcr","holdout",8.25086424415422,0.0414516033202092,"2022-07-13 13:34:53"
"MC","pcr","test",8.27482544677139,0.0501841115112336,"2022-07-13 13:34:53"
"MC","rf","holdout",8.31440219649224,0.0511534337464148,"2022-07-13 13:34:53"
"MC","rf","test",7.99516750642011,0.0322113689393237,"2022-07-13 13:34:53"
"MC","xgb","holdout",11.6019471615913,0.0915352827080274,"2022-07-13 13:34:53"
"MC","xgb","test",9.69639331293164,0.0153707774328,"2022-07-13 13:34:53"
"MIR","lm","holdout",1.17841119135599,0.084321300469756,"2022-07-13 13:34:53"
"MIR","lm","test",2.6377669795302,0.430943354823476,"2022-07-13 13:34:53"
"MIR","nnet","holdout",1.31438436913048,0.0725749072498729,"2022-07-13 13:34:53"
"MIR","nnet","test",3.91064706778025,0.330967035761814,"2022-07-13 13:34:53"
"MIR","pcr","holdout",1.28940231546205,0.00401134468850627,"2022-07-13 13:34:53"
"MIR","pcr","test",2.49840432524574,0.37859523213486,"2022-07-13 13:34:53"
"MIR","rf","holdout",1.3750813881029,0.0704044911016859,"2022-07-13 13:34:53"
"MIR","rf","test",3.87909184382369,0.256672943535315,"2022-07-13 13:34:53"
"MIR","xgb","holdout",1.72922343395323,0.105225295914968,"2022-07-13 13:34:53"
"MIR","xgb","test",6.8423607150397,0.063368099408472,"2022-07-13 13:34:53"
"MTLX","lm","holdout",1.93472065902417,0.372397720004554,"2022-07-13 13:34:53"
"MTLX","lm","test",4.48068004623514,0.349618171432646,"2022-07-13 13:34:53"
"MTLX","nnet","holdout",2.13062986859087,0.243754418534944,"2022-07-13 13:34:53"
"MTLX","nnet","test",5.38611342534386,0.150364722833445,"2022-07-13 13:34:53"
"MTLX","pcr","holdout",2.02463305941152,0.338144139115675,"2022-07-13 13:34:53"
"MTLX","pcr","test",4.96273837327314,0.159261082599804,"2022-07-13 13:34:53"
"MTLX","rf","holdout",2.59213972026778,0.130517631626078,"2022-07-13 13:34:53"
"MTLX","rf","test",4.69659774812174,0.230435025416517,"2022-07-13 13:34:53"
"MTLX","xgb","holdout",3.18960435493827,0.110198316029631,"2022-07-13 13:34:53"
"MTLX","xgb","test",6.72713758153373,0.0214836097865748,"2022-07-13 13:34:53"
"NAV","lm","holdout",5.84118625352959,0.206786454657254,"2022-07-13 13:34:53"
"NAV","lm","test",3.71129338978988,0.240071473190948,"2022-07-13 13:34:53"
"NAV","nnet","holdout",6.6824385005106,0.555832732770836,"2022-07-13 13:34:53"
"NAV","nnet","test",3.77696282589683,0.175194490822099,"2022-07-13 13:34:53"
"NAV","pcr","holdout",6.67038180730389,0.0157109147169332,"2022-07-13 13:34:53"
"NAV","pcr","test",3.64331020720766,0.379454982929019,"2022-07-13 13:34:53"
"NAV","rf","holdout",9.47909256047468,0.0514826947852915,"2022-07-13 13:34:53"
"NAV","rf","test",6.29568099641411,0.223429997288663,"2022-07-13 13:34:53"
"NAV","xgb","holdout",9.86169291260099,0.00818283828846765,"2022-07-13 13:34:53"
"NAV","xgb","test",5.72352133151645,0.0545581926639193,"2022-07-13 13:34:53"
"NEAR","lm","holdout",1.12180790120167,0.618843835405279,"2022-07-13 13:34:53"
"NEAR","lm","test",1.61778243978971,0.2094967740418,"2022-07-13 13:34:53"
"NEAR","nnet","holdout",2.82319253994577,0.264891973611313,"2022-07-13 13:34:53"
"NEAR","nnet","test",3.49660154032253,0.141893957336858,"2022-07-13 13:34:53"
"NEAR","pcr","holdout",1.307964103674,0.0471848897084919,"2022-07-13 13:34:53"
"NEAR","pcr","test",1.29818580050978,0.258724510833718,"2022-07-13 13:34:53"
"NEAR","rf","holdout",1.0131933270503,0.299068786512265,"2022-07-13 13:34:53"
"NEAR","rf","test",1.36125209367588,0.06147935805242,"2022-07-13 13:34:53"
"NEAR","xgb","holdout",1.01117061381289,0.315637633956399,"2022-07-13 13:34:53"
"NEAR","xgb","test",2.13584999856825,0.0384092928711006,"2022-07-13 13:34:53"
"NEU","lm","holdout",20.9881090431387,0.257029448980601,"2022-07-13 13:34:53"
"NEU","lm","test",18.0677510770454,0.00656697596602167,"2022-07-13 13:34:53"
"NEU","nnet","holdout",22.2597348671344,0.122706239423655,"2022-07-13 13:34:53"
"NEU","nnet","test",17.4953638708086,0.00988431484272514,"2022-07-13 13:34:53"
"NEU","pcr","holdout",22.1896565034556,0.133473817643227,"2022-07-13 13:34:53"
"NEU","pcr","test",17.3208514066613,0.0307274814141305,"2022-07-13 13:34:53"
"NEU","rf","holdout",22.2934857238247,0.12393883036602,"2022-07-13 13:34:53"
"NEU","rf","test",17.2192307589248,0.0354044400115096,"2022-07-13 13:34:53"
"NEU","xgb","holdout",25.0560898922886,0.0249427324052499,"2022-07-13 13:34:53"
"NEU","xgb","test",19.4330561613936,0.0826943981460275,"2022-07-13 13:34:53"
"NEXO","lm","holdout",0.93638513663959,0.276034053158202,"2022-07-13 13:34:53"
"NEXO","lm","test",2.32413852319401,0.429079569292716,"2022-07-13 13:34:53"
"NEXO","nnet","holdout",1.23459303543883,0.0841928600650927,"2022-07-13 13:34:53"
"NEXO","nnet","test",3.49573735200684,0.15845385037733,"2022-07-13 13:34:53"
"NEXO","pcr","holdout",0.838148736290075,0.353315031359952,"2022-07-13 13:34:53"
"NEXO","pcr","test",2.64737648447571,0.357986872567596,"2022-07-13 13:34:53"
"NEXO","rf","holdout",2.05156895580573,0.38633502658979,"2022-07-13 13:34:53"
"NEXO","rf","test",1.87059382216498,0.105734257083599,"2022-07-13 13:34:53"
"NEXO","xgb","holdout",2.04730965191304,0.201643958716441,"2022-07-13 13:34:53"
"NEXO","xgb","test",2.22224337624784,0.0206918450154101,"2022-07-13 13:34:53"
"NMR","lm","holdout",3.23339051321133,0.00574121210835786,"2022-07-13 13:34:53"
"NMR","lm","test",4.60020657637955,0.464916757568831,"2022-07-13 13:34:53"
"NMR","nnet","holdout",3.96485274617903,0.0205599535213715,"2022-07-13 13:34:53"
"NMR","nnet","test",6.02057681714886,0.0986531455645376,"2022-07-13 13:34:53"
"NMR","pcr","holdout",3.12192915430704,0.0206917658974656,"2022-07-13 13:34:53"
"NMR","pcr","test",4.50194001684471,0.233640153604834,"2022-07-13 13:34:53"
"NMR","rf","holdout",2.17910750668919,0.0710877883482826,"2022-07-13 13:34:53"
"NMR","rf","test",5.60380079921807,0.0907932601615571,"2022-07-13 13:34:53"
"NMR","xgb","holdout",12.1838077747149,0.0193264633557347,"2022-07-13 13:34:53"
"NMR","xgb","test",4.67632454970529,0.093479326676353,"2022-07-13 13:34:53"
"NXT","lm","holdout",3.30497588805611,0.0801601490488665,"2022-07-13 13:34:53"
"NXT","lm","test",9.88542902017078,0.145157741875187,"2022-07-13 13:34:53"
"NXT","nnet","holdout",3.89785140371891,0.0598103840845506,"2022-07-13 13:34:53"
"NXT","nnet","test",12.1306732454695,0.0519645134758262,"2022-07-13 13:34:53"
"NXT","pcr","holdout",3.28556144234519,0.0913741929538127,"2022-07-13 13:34:53"
"NXT","pcr","test",10.2190650608697,0.144994101309357,"2022-07-13 13:34:53"
"NXT","rf","holdout",3.40985652149777,0.0562092561682208,"2022-07-13 13:34:53"
"NXT","rf","test",10.2492561827695,0.0592040556595792,"2022-07-13 13:34:53"
"NXT","xgb","holdout",5.42568989846114,0.0106308140541672,"2022-07-13 13:34:53"
"NXT","xgb","test",10.6536991241888,0.0642097021276398,"2022-07-13 13:34:53"
"OAX","lm","holdout",9.62821109015067,0.178052611541889,"2022-07-13 13:34:53"
"OAX","lm","test",8.75767632262042,0.188238327119372,"2022-07-13 13:34:53"
"OAX","nnet","holdout",9.88097535029602,0.321637363878803,"2022-07-13 13:34:53"
"OAX","nnet","test",9.62630136196356,0.0199774168142192,"2022-07-13 13:34:53"
"OAX","pcr","holdout",9.10785814485378,0.253698248149775,"2022-07-13 13:34:53"
"OAX","pcr","test",9.15950131127387,0.129393345180066,"2022-07-13 13:34:53"
"OAX","rf","holdout",17.3769436147415,0.00910367996798246,"2022-07-13 13:34:53"
"OAX","rf","test",10.2869655085579,0.108832831833636,"2022-07-13 13:34:53"
"OAX","xgb","holdout",19.1572277005618,0.0000654062785238748,"2022-07-13 13:34:53"
"OAX","xgb","test",14.6493135313871,0.0340011533272783,"2022-07-13 13:34:53"
"PERP","lm","holdout",0.786269152204412,0.9161737041332,"2022-07-13 13:34:53"
"PERP","lm","test",5.90889187699617,0.513238253622209,"2022-07-13 13:34:53"
"PERP","nnet","holdout",2.69159672203924,0.0343398909562515,"2022-07-13 13:34:53"
"PERP","nnet","test",4.39190885728975,0.132003252484529,"2022-07-13 13:34:53"
"PERP","pcr","holdout",2.46590924386899,0.142983884229739,"2022-07-13 13:34:53"
"PERP","pcr","test",3.25891721706885,0.255843055069866,"2022-07-13 13:34:53"
"PERP","rf","holdout",5.84511068652549,0.139021020524622,"2022-07-13 13:34:53"
"PERP","rf","test",4.29091164527125,0.129858118678423,"2022-07-13 13:34:53"
"PERP","xgb","holdout",6.56607898697494,0.0362726718616756,"2022-07-13 13:34:53"
"PERP","xgb","test",3.65994010100299,0.118325696965478,"2022-07-13 13:34:53"
"QTUM","lm","holdout",1.24252262407479,0.364630224585197,"2022-07-13 13:34:53"
"QTUM","lm","test",1.17963772504115,0.321965023509447,"2022-07-13 13:34:53"
"QTUM","nnet","holdout",1.833083382436,0.365287558950188,"2022-07-13 13:34:53"
"QTUM","nnet","test",3.26826226977321,0.128166128449502,"2022-07-13 13:34:53"
"QTUM","pcr","holdout",1.09612644481375,0.0858495103745142,"2022-07-13 13:34:53"
"QTUM","pcr","test",1.02173120686544,0.2176159482392,"2022-07-13 13:34:53"
"QTUM","rf","holdout",1.01587254424537,0.349809239751539,"2022-07-13 13:34:53"
"QTUM","rf","test",1.21354333185452,0.115779893989816,"2022-07-13 13:34:53"
"QTUM","xgb","holdout",1.00240672689118,0.263131149882723,"2022-07-13 13:34:53"
"QTUM","xgb","test",1.88211364181058,0.103565691981927,"2022-07-13 13:34:53"
"REN","lm","holdout",1.01352840751083,0.820370444639525,"2022-07-13 13:34:53"
"REN","lm","test",1.83924296996971,0.520784684646954,"2022-07-13 13:34:53"
"REN","nnet","holdout",2.06116408976122,0.388448625106333,"2022-07-13 13:34:53"
"REN","nnet","test",3.37061222547175,0.106888715054853,"2022-07-13 13:34:53"
"REN","pcr","holdout",1.28946014094801,0.754756936790441,"2022-07-13 13:34:53"
"REN","pcr","test",2.18581062370731,0.170311342866222,"2022-07-13 13:34:53"
"REN","rf","holdout",1.96547434663355,0.396951183183349,"2022-07-13 13:34:53"
"REN","rf","test",2.24910249319605,0.121075294634727,"2022-07-13 13:34:53"
"REN","xgb","holdout",2.11626185946787,0.329053450654657,"2022-07-13 13:34:53"
"REN","xgb","test",3.07432707616387,0.0966161268614171,"2022-07-13 13:34:53"
"RIF","lm","holdout",0.297805245063132,0.870466246295215,"2022-07-13 13:34:53"
"RIF","lm","test",1.02165159000594,0.77092209530056,"2022-07-13 13:34:53"
"RIF","nnet","holdout",0.685752102633423,0.341447534388129,"2022-07-13 13:34:53"
"RIF","nnet","test",1.7527896683029,0.236691874580136,"2022-07-13 13:34:53"
"RIF","pcr","holdout",0.344765532317962,0.851914983910109,"2022-07-13 13:34:53"
"RIF","pcr","test",2.00239782395007,0.393796458052352,"2022-07-13 13:34:53"
"RIF","rf","holdout",0.606065196169622,0.503128932377096,"2022-07-13 13:34:53"
"RIF","rf","test",0.890214340382364,0.154274588493819,"2022-07-13 13:34:53"
"RIF","xgb","holdout",0.60515528429804,0.465662261389142,"2022-07-13 13:34:53"
"RIF","xgb","test",0.836707886312674,0.223112122774299,"2022-07-13 13:34:53"
"RUNE","lm","holdout",4.39206765723031,0.543839653397093,"2022-07-13 13:34:53"
"RUNE","lm","test",1.63556147123818,0.449827376653658,"2022-07-13 13:34:53"
"RUNE","nnet","holdout",1.46869489863351,0.291897918393265,"2022-07-13 13:34:53"
"RUNE","nnet","test",6.29192184971415,0.181801866912963,"2022-07-13 13:34:53"
"RUNE","pcr","holdout",2.24356131332072,0.292965572615016,"2022-07-13 13:34:53"
"RUNE","pcr","test",1.64950459546857,0.365341119271171,"2022-07-13 13:34:53"
"RUNE","rf","holdout",1.2131834954571,0.286026451287405,"2022-07-13 13:34:53"
"RUNE","rf","test",2.29220796139385,0.121959572992821,"2022-07-13 13:34:53"
"RUNE","xgb","holdout",1.16281261452755,0.323413707990558,"2022-07-13 13:34:53"
"RUNE","xgb","test",3.52737612582174,0.140235729156222,"2022-07-13 13:34:53"
"SAND","lm","holdout",1.15788439503143,0.078494753616343,"2022-07-13 13:34:53"
"SAND","lm","test",1.83717055493133,0.405675836574694,"2022-07-13 13:34:53"
"SAND","nnet","holdout",1.88571031426805,0.1638640861239,"2022-07-13 13:34:53"
"SAND","nnet","test",5.10701332313486,0.258551920687504,"2022-07-13 13:34:53"
"SAND","pcr","holdout",0.959213838681007,0.324232573114247,"2022-07-13 13:34:53"
"SAND","pcr","test",1.66323954797819,0.398900418486569,"2022-07-13 13:34:53"
"SAND","rf","holdout",2.05843523028384,0.00247851501845344,"2022-07-13 13:34:53"
"SAND","rf","test",2.0965217683377,0.187722123089857,"2022-07-13 13:34:53"
"SAND","xgb","holdout",1.9980296043898,0.00235047392922059,"2022-07-13 13:34:53"
"SAND","xgb","test",2.00030095393368,0.201299849429118,"2022-07-13 13:34:53"
"SFP","lm","holdout",0.987874012635651,0.811404944489987,"2022-07-13 13:34:53"
"SFP","lm","test",1.78142952040745,0.146533568036653,"2022-07-13 13:34:53"
"SFP","nnet","holdout",2.20100736669208,0.400937196108298,"2022-07-13 13:34:53"
"SFP","nnet","test",2.79889326432896,0.117444780889447,"2022-07-13 13:34:53"
"SFP","pcr","holdout",0.804516659148536,0.795189164036084,"2022-07-13 13:34:53"
"SFP","pcr","test",1.54119243427164,0.156943215224146,"2022-07-13 13:34:53"
"SFP","rf","holdout",1.34614733526155,0.424139599393137,"2022-07-13 13:34:53"
"SFP","rf","test",2.65559605698016,0.0893513761175738,"2022-07-13 13:34:53"
"SFP","xgb","holdout",4.00644362426791,0.121637137684527,"2022-07-13 13:34:53"
"SFP","xgb","test",2.87161560146347,0.0559747192472096,"2022-07-13 13:34:53"
"SKL","lm","holdout",1.30692617780019,0.269128522780569,"2022-07-13 13:34:53"
"SKL","lm","test",1.79145710665587,0.548973955864566,"2022-07-13 13:34:53"
"SKL","nnet","holdout",1.53414955053777,0.301033634125768,"2022-07-13 13:34:53"
"SKL","nnet","test",2.93680715204276,0.118454598755697,"2022-07-13 13:34:53"
"SKL","pcr","holdout",1.64375275407903,0.237699159206108,"2022-07-13 13:34:53"
"SKL","pcr","test",2.00279737526144,0.337913273352901,"2022-07-13 13:34:53"
"SKL","rf","holdout",2.82776179203243,0.000753186198172307,"2022-07-13 13:34:53"
"SKL","rf","test",4.01126536944048,0.163267044179751,"2022-07-13 13:34:53"
"SKL","xgb","holdout",1.94632694938834,0.0187935982699805,"2022-07-13 13:34:53"
"SKL","xgb","test",3.56383081936312,0.184632866433814,"2022-07-13 13:34:53"
"SNX","lm","holdout",0.979279448485742,0.477578266326713,"2022-07-13 13:34:53"
"SNX","lm","test",2.1729679606339,0.211357475284042,"2022-07-13 13:34:53"
"SNX","nnet","holdout",2.18180918297472,0.143502882062737,"2022-07-13 13:34:53"
"SNX","nnet","test",5.41046553500196,0.230715628956309,"2022-07-13 13:34:53"
"SNX","pcr","holdout",1.25026408488606,0.171679359207326,"2022-07-13 13:34:53"
"SNX","pcr","test",1.85870650008164,0.241793124458196,"2022-07-13 13:34:53"
"SNX","rf","holdout",1.24736665513923,0.13658440100313,"2022-07-13 13:34:53"
"SNX","rf","test",2.20348438317591,0.110396769109505,"2022-07-13 13:34:53"
"SNX","xgb","holdout",1.61552546205045,0.057213168765402,"2022-07-13 13:34:53"
"SNX","xgb","test",2.99315453814059,0.0453369217117599,"2022-07-13 13:34:53"
"SXP","lm","holdout",0.496017700127813,0.861493095075862,"2022-07-13 13:34:53"
"SXP","lm","test",1.391619445505,0.332137643589495,"2022-07-13 13:34:53"
"SXP","nnet","holdout",1.22669693961137,0.243241805612728,"2022-07-13 13:34:53"
"SXP","nnet","test",3.2981276882094,0.170707806762302,"2022-07-13 13:34:53"
"SXP","pcr","holdout",0.791303256106953,0.756993361526704,"2022-07-13 13:34:53"
"SXP","pcr","test",1.09189157741244,0.27794362807742,"2022-07-13 13:34:53"
"SXP","rf","holdout",1.14116217837745,0.270008084215853,"2022-07-13 13:34:53"
"SXP","rf","test",1.13109041080037,0.170846375570997,"2022-07-13 13:34:53"
"SXP","xgb","holdout",1.13921460721021,0.276956178818175,"2022-07-13 13:34:53"
"SXP","xgb","test",1.3121256415151,0.0598717290679277,"2022-07-13 13:34:53"
"THETA","lm","holdout",0.969762889929994,0.427956271604085,"2022-07-13 13:34:53"
"THETA","lm","test",1.65648091620629,0.5700015059779,"2022-07-13 13:34:53"
"THETA","nnet","holdout",1.81378899995651,0.257224547827175,"2022-07-13 13:34:53"
"THETA","nnet","test",2.73029659649597,0.164655188743184,"2022-07-13 13:34:53"
"THETA","pcr","holdout",0.895043230555872,0.499935004227802,"2022-07-13 13:34:53"
"THETA","pcr","test",1.8864151823481,0.391251486619943,"2022-07-13 13:34:53"
"THETA","rf","holdout",1.51600115150261,0.0157106209991851,"2022-07-13 13:34:53"
"THETA","rf","test",2.72744309690058,0.156661563907615,"2022-07-13 13:34:53"
"THETA","xgb","holdout",1.45835308252384,0.0052855811504905,"2022-07-13 13:34:53"
"THETA","xgb","test",2.87860364834536,0.0729523349160884,"2022-07-13 13:34:53"
"TOMO","lm","holdout",0.73277595524764,0.819074249524618,"2022-07-13 13:34:53"
"TOMO","lm","test",2.28781041310303,0.479536039889408,"2022-07-13 13:34:53"
"TOMO","nnet","holdout",1.24228949704361,0.308865572699685,"2022-07-13 13:34:53"
"TOMO","nnet","test",2.93412976062308,0.186402253964447,"2022-07-13 13:34:53"
"TOMO","pcr","holdout",0.867710798793912,0.691451876426565,"2022-07-13 13:34:53"
"TOMO","pcr","test",1.73772347834991,0.284026962109678,"2022-07-13 13:34:53"
"TOMO","rf","holdout",3.76562607043502,0.289915561389,"2022-07-13 13:34:53"
"TOMO","rf","test",2.63318697902406,0.144527895960585,"2022-07-13 13:34:53"
"TOMO","xgb","holdout",3.99715259665347,0.000000156444884358849,"2022-07-13 13:34:53"
"TOMO","xgb","test",8.11313693985765,0.103572393199434,"2022-07-13 13:34:53"
"TORN","lm","holdout",1.71750345457213,0.447559779182503,"2022-07-13 13:34:53"
"TORN","lm","test",2.88058248907987,0.463202894013829,"2022-07-13 13:34:53"
"TORN","nnet","holdout",2.37633795754133,0.215760803133802,"2022-07-13 13:34:53"
"TORN","nnet","test",4.38297334263131,0.14151545024988,"2022-07-13 13:34:53"
"TORN","pcr","holdout",1.56740077158984,0.539659209127325,"2022-07-13 13:34:53"
"TORN","pcr","test",2.68408777564335,0.32341044696721,"2022-07-13 13:34:53"
"TORN","rf","holdout",2.08156098559613,0.299438779939751,"2022-07-13 13:34:53"
"TORN","rf","test",3.01050397332244,0.0228690420901089,"2022-07-13 13:34:53"
"TORN","xgb","holdout",2.10587399362476,0.112999885687593,"2022-07-13 13:34:53"
"TORN","xgb","test",3.3455045962005,0.0146852752503884,"2022-07-13 13:34:53"
"TRIBE","lm","holdout",0.441402928363821,0.188704499431313,"2022-07-13 13:34:53"
"TRIBE","lm","test",6.20048270589379,0.38142915995484,"2022-07-13 13:34:53"
"TRIBE","nnet","holdout",0.518625616328807,0.0315392674213552,"2022-07-13 13:34:53"
"TRIBE","nnet","test",6.07330904391516,0.0671807205110958,"2022-07-13 13:34:53"
"TRIBE","pcr","holdout",0.495678714408156,0.0337183384957919,"2022-07-13 13:34:53"
"TRIBE","pcr","test",5.97565686488601,0.161850233478846,"2022-07-13 13:34:53"
"TRIBE","rf","holdout",0.525136149707959,0.00498385140583066,"2022-07-13 13:34:53"
"TRIBE","rf","test",5.85998658826585,0.00507106032532758,"2022-07-13 13:34:53"
"TRIBE","xgb","holdout",0.601925184478706,0.0567807947965569,"2022-07-13 13:34:53"
"TRIBE","xgb","test",5.36287538819213,0.0459976551232963,"2022-07-13 13:34:53"
"TRX","lm","holdout",0.297100581393212,0.770929850572928,"2022-07-13 13:34:53"
"TRX","lm","test",6.88960599007829,0.457587833629057,"2022-07-13 13:34:53"
"TRX","nnet","holdout",0.507057862295985,0.171063880793239,"2022-07-13 13:34:53"
"TRX","nnet","test",2.0930816681285,0.10827625524739,"2022-07-13 13:34:53"
"TRX","pcr","holdout",0.437799030768833,0.409082257367402,"2022-07-13 13:34:53"
"TRX","pcr","test",1.78447345944547,0.303717032290657,"2022-07-13 13:34:53"
"TRX","rf","holdout",2.03491842326051,0.012274689358305,"2022-07-13 13:34:53"
"TRX","rf","test",1.73988671478848,0.0689528780693584,"2022-07-13 13:34:53"
"TRX","xgb","holdout",1.0104461494374,0.000569180890730039,"2022-07-13 13:34:53"
"TRX","xgb","test",1.73224044142819,0.0865454792001528,"2022-07-13 13:34:53"
"UMA","lm","holdout",0.858446939569912,0.474715413040973,"2022-07-13 13:34:53"
"UMA","lm","test",23.265721417558,0.242316734377905,"2022-07-13 13:34:53"
"UMA","nnet","holdout",3.09327360525735,0.00029073391256183,"2022-07-13 13:34:53"
"UMA","nnet","test",5.82508646517476,0.0979104751895843,"2022-07-13 13:34:53"
"UMA","pcr","holdout",1.30700470223849,0.0514543583808343,"2022-07-13 13:34:53"
"UMA","pcr","test",2.09865589479341,0.0993999642246077,"2022-07-13 13:34:53"
"UMA","rf","holdout",1.49457075088584,0.179301781255757,"2022-07-13 13:34:53"
"UMA","rf","test",3.33231903561409,0.00272405567335873,"2022-07-13 13:34:53"
"UMA","xgb","holdout",1.49764641559828,0.0282383907767109,"2022-07-13 13:34:53"
"UMA","xgb","test",4.26703396771473,0.0498045280805375,"2022-07-13 13:34:53"
"USG","lm","holdout",0.0492588421698679,0.300558599318348,"2022-07-13 13:34:53"
"USG","lm","test",0.426247623245924,0.200038811919263,"2022-07-13 13:34:53"
"USG","nnet","holdout",0.848679138537523,0.185056464679762,"2022-07-13 13:34:53"
"USG","nnet","test",1.68244595147422,0.110630554595371,"2022-07-13 13:34:53"
"USG","pcr","holdout",0.0298947018007273,0.233547859881597,"2022-07-13 13:34:53"
"USG","pcr","test",0.402551033138651,0.241934913089894,"2022-07-13 13:34:53"
"USG","rf","holdout",0.0269476242984486,0.530588450890402,"2022-07-13 13:34:53"
"USG","rf","test",0.562996376513481,0.0641035733144567,"2022-07-13 13:34:53"
"USG","xgb","holdout",0.0203082465132902,0.31214258380925,"2022-07-13 13:34:53"
"USG","xgb","test",0.566943942354017,0.0613066305703006,"2022-07-13 13:34:53"
"VGX","lm","holdout",13.2808623414069,0.263679628405081,"2022-07-13 13:34:53"
"VGX","lm","test",10.0985974325777,0.17691293694797,"2022-07-13 13:34:53"
"VGX","nnet","holdout",14.7700253122782,0.0599357202552098,"2022-07-13 13:34:53"
"VGX","nnet","test",11.1699091171855,0.0829969668721801,"2022-07-13 13:34:53"
"VGX","pcr","holdout",13.2762466607747,0.358069149897546,"2022-07-13 13:34:53"
"VGX","pcr","test",8.75850657634362,0.300164583267375,"2022-07-13 13:34:53"
"VGX","rf","holdout",12.7045365920497,0.084374557059635,"2022-07-13 13:34:53"
"VGX","rf","test",10.6134308885359,0.109719431996836,"2022-07-13 13:34:53"
"VGX","xgb","holdout",13.6267584449126,0.0117801515629401,"2022-07-13 13:34:53"
"VGX","xgb","test",10.6895406033491,0.285444700365058,"2022-07-13 13:34:53"
"VIB","lm","holdout",52.4255519408347,0.246508951609961,"2022-07-13 13:34:53"
"VIB","lm","test",32.093839947397,0.0619727599417182,"2022-07-13 13:34:53"
"VIB","nnet","holdout",46.1558990930428,0.000159830128096985,"2022-07-13 13:34:53"
"VIB","nnet","test",32.5697237797708,0.115015951222719,"2022-07-13 13:34:53"
"VIB","pcr","holdout",46.5167222566911,0.026330460239099,"2022-07-13 13:34:53"
"VIB","pcr","test",32.3101735086924,0.0406350350420996,"2022-07-13 13:34:53"
"VIB","rf","holdout",46.0439138310515,0.00000495038980944215,"2022-07-13 13:34:53"
"VIB","rf","test",36.3073448202666,0.0102902612456523,"2022-07-13 13:34:53"
"VIB","xgb","holdout",45.3245460205075,0.123344098624594,"2022-07-13 13:34:53"
"VIB","xgb","test",44.4242185747967,0.018564488936053,"2022-07-13 13:34:53"
"WAXP","lm","holdout",1.20569382568166,0.423987768741786,"2022-07-13 13:34:53"
"WAXP","lm","test",3.69591384205799,0.32955864209553,"2022-07-13 13:34:53"
"WAXP","nnet","holdout",1.46098589966944,0.206913582168954,"2022-07-13 13:34:53"
"WAXP","nnet","test",4.49355229871946,0.0197481822143801,"2022-07-13 13:34:53"
"WAXP","pcr","holdout",1.24805434994089,0.37531179605779,"2022-07-13 13:34:53"
"WAXP","pcr","test",3.39959899622383,0.0945844124486348,"2022-07-13 13:34:53"
"WAXP","rf","holdout",2.13753256886542,0.000207834900569405,"2022-07-13 13:34:53"
"WAXP","rf","test",4.00681636330196,0.0809020925025362,"2022-07-13 13:34:53"
"WAXP","xgb","holdout",2.38370586776262,0.0491910232050512,"2022-07-13 13:34:53"
"WAXP","xgb","test",3.35465158860642,0.0529023840864446,"2022-07-13 13:34:53"
"XCH","lm","holdout",1.4565254544303,0.154165146338968,"2022-07-13 13:34:53"
"XCH","lm","test",0.799353260520355,0.674254596085596,"2022-07-13 13:34:53"
"XCH","nnet","holdout",2.35695624130866,0.00183883180997932,"2022-07-13 13:34:53"
"XCH","nnet","test",1.98602731891749,0.197659365860122,"2022-07-13 13:34:53"
"XCH","pcr","holdout",1.37333721829955,0.0890525352637049,"2022-07-13 13:34:53"
"XCH","pcr","test",1.08899372619152,0.369106326308455,"2022-07-13 13:34:53"
"XCH","rf","holdout",1.53889400239464,0.00311184097949694,"2022-07-13 13:34:53"
"XCH","rf","test",1.53236330832924,0.125411647191326,"2022-07-13 13:34:53"
"XCH","xgb","holdout",2.72092546095308,0.165707083783534,"2022-07-13 13:34:53"
"XCH","xgb","test",1.39021028074198,0.171268860254518,"2022-07-13 13:34:53"
"XDC","lm","holdout",83.6230233455767,0.926953986765045,"2022-07-13 13:34:53"
"XDC","lm","test",2.16556846175296,0.516208261090762,"2022-07-13 13:34:53"
"XDC","nnet","holdout",24.34176078603,0.000547623613229326,"2022-07-13 13:34:53"
"XDC","nnet","test",2.64513287132592,0.113792218464566,"2022-07-13 13:34:53"
"XDC","pcr","holdout",21.9951525040556,0.181250342444249,"2022-07-13 13:34:53"
"XDC","pcr","test",1.98389225500051,0.340970751895203,"2022-07-13 13:34:53"
"XDC","rf","holdout",21.1199207079257,0.4528453176027,"2022-07-13 13:34:53"
"XDC","rf","test",3.33240361240058,0.100444563991195,"2022-07-13 13:34:53"
"XDC","xgb","holdout",1.73926540209711,0.997073808786295,"2022-07-13 13:34:53"
"XDC","xgb","test",2.89919715239507,0.0789097087339728,"2022-07-13 13:34:53"
"XEM","lm","holdout",1.10885247172447,0.00197515305846706,"2022-07-13 13:34:53"
"XEM","lm","test",1.25400896187855,0.475099451552453,"2022-07-13 13:34:53"
"XEM","nnet","holdout",1.35619543261825,0.286984170771966,"2022-07-13 13:34:53"
"XEM","nnet","test",2.37909456915598,0.13248511779303,"2022-07-13 13:34:53"
"XEM","pcr","holdout",1.04029900100113,0.165372582812392,"2022-07-13 13:34:53"
"XEM","pcr","test",1.40718275337383,0.26754815053242,"2022-07-13 13:34:53"
"XEM","rf","holdout",2.6577535174525,0.0764180726595921,"2022-07-13 13:34:53"
"XEM","rf","test",2.58926822417532,0.0974195100968101,"2022-07-13 13:34:53"
"XEM","xgb","holdout",2.82044230830085,0.00820404121533868,"2022-07-13 13:34:53"
"XEM","xgb","test",3.16795162632627,0.108360858563677,"2022-07-13 13:34:53"
"XMR","lm","holdout",0.630628349743844,0.39189095833699,"2022-07-13 13:34:53"
"XMR","lm","test",4.33871955227245,0.58202498420495,"2022-07-13 13:34:53"
"XMR","nnet","holdout",0.977848038834843,0.0583130094328786,"2022-07-13 13:34:53"
"XMR","nnet","test",4.48140350408104,0.285747258729457,"2022-07-13 13:34:53"
"XMR","pcr","holdout",0.750864191532064,0.192589192592665,"2022-07-13 13:34:53"
"XMR","pcr","test",4.6623133473717,0.343109896232124,"2022-07-13 13:34:53"
"XMR","rf","holdout",1.06854930799661,0.0435376598062556,"2022-07-13 13:34:53"
"XMR","rf","test",3.70619686851233,0.0430022197064571,"2022-07-13 13:34:53"
"XMR","xgb","holdout",1.91190690543701,0.0000601618890565205,"2022-07-13 13:34:53"
"XMR","xgb","test",2.45307259124727,0.14374014982095,"2022-07-13 13:34:53"
"ZEC","lm","holdout",0.672484461981866,0.832659942987989,"2022-07-13 13:34:53"
"ZEC","lm","test",1.81479295326658,0.443296770242831,"2022-07-13 13:34:53"
"ZEC","nnet","holdout",1.64180200393894,0.348990714825571,"2022-07-13 13:34:53"
"ZEC","nnet","test",3.81483097564864,0.145078250817026,"2022-07-13 13:34:53"
"ZEC","pcr","holdout",0.715308148075077,0.838888244799237,"2022-07-13 13:34:53"
"ZEC","pcr","test",2.19436878933054,0.322771979966109,"2022-07-13 13:34:53"
"ZEC","rf","holdout",1.33368651324354,0.533888343914258,"2022-07-13 13:34:53"
"ZEC","rf","test",4.07505781838733,0.158739455690473,"2022-07-13 13:34:53"
"ZEC","xgb","holdout",1.69938072329278,0.435301514020186,"2022-07-13 13:34:53"
"ZEC","xgb","test",3.13011983567326,0.0673023167522825,"2022-07-13 13:34:53"
"ZKS","lm","holdout",10.2480061890573,0.033354372880304,"2022-07-13 13:34:53"
"ZKS","lm","test",14.4148663293827,0.233137079342064,"2022-07-13 13:34:53"
"ZKS","nnet","holdout",10.5226373650416,0.000163611144483303,"2022-07-13 13:34:53"
"ZKS","nnet","test",11.7513009248534,0.0274378608782663,"2022-07-13 13:34:53"
"ZKS","pcr","holdout",10.4234364599098,0.00233000279093012,"2022-07-13 13:34:53"
"ZKS","pcr","test",11.2676756405291,0.111131472228816,"2022-07-13 13:34:53"
"ZKS","rf","holdout",9.53191239557408,0.0228906275997204,"2022-07-13 13:34:53"
"ZKS","rf","test",8.59036393781802,0.0808477314091717,"2022-07-13 13:34:53"
"ZKS","xgb","holdout",9.88732535489603,0.0394621130071805,"2022-07-13 13:34:53"
"ZKS","xgb","test",14.0890260908032,0.00466087645058045,"2022-07-13 13:34:53"
"ZRX","lm","holdout",1.1142111790525,0.669724176232851,"2022-07-13 13:34:53"
"ZRX","lm","test",1.87349196630419,0.531330294363698,"2022-07-13 13:34:53"
"ZRX","nnet","holdout",1.53738969083551,0.342552852148074,"2022-07-13 13:34:53"
"ZRX","nnet","test",3.5935588354139,0.189191297905454,"2022-07-13 13:34:53"
"ZRX","pcr","holdout",1.26076989278622,0.711446697796891,"2022-07-13 13:34:53"
"ZRX","pcr","test",2.45274007853234,0.22920226373614,"2022-07-13 13:34:53"
"ZRX","rf","holdout",1.46752002545104,0.350221818568469,"2022-07-13 13:34:53"
"ZRX","rf","test",2.70479425555112,0.18058905517528,"2022-07-13 13:34:53"
"ZRX","xgb","holdout",1.49952002876488,0.311232271585614,"2022-07-13 13:34:53"
"ZRX","xgb","test",2.70099831809737,0.0190061481415798,"2022-07-13 13:34:53"
